<?xml version="1.0" encoding="UTF-8"?><?xml-stylesheet type='text/xsl' href='_UpgradeReport_Files/UpgradeReport.xslt'?><UpgradeLog>
<Properties><Property Name="Solution" Value="ChatClient">
</Property><Property Name="Solution File" Value="C:\LANDWATERSUN\DROPBOX\landwatersun.education\Системы и сети связи (4405)\Материалы по курсовому проекту\ChatClient\ChatClient.sln">
</Property><Property Name="User Options File" Value="C:\LANDWATERSUN\DROPBOX\landwatersun.education\Системы и сети связи (4405)\Материалы по курсовому проекту\ChatClient\ChatClient.suo">
</Property><Property Name="Date" Value="16 апреля 2014 г.">
</Property><Property Name="Time" Value="23:06">
</Property></Properties><Event ErrorLevel="0" Project="" Source="ChatClient.sln" Description="File successfully backed up as C:\LANDWATERSUN\DROPBOX\landwatersun.education\Системы и сети связи (4405)\Материалы по курсовому проекту\ChatClient\Backup\ChatClient.sln">
</Event><Event ErrorLevel="0" Project="" Source="ChatClient.suo" Description="File successfully backed up as C:\LANDWATERSUN\DROPBOX\landwatersun.education\Системы и сети связи (4405)\Материалы по курсовому проекту\ChatClient\Backup\ChatClient.suo">
</Event><Event ErrorLevel="0" Project="ChatClient" Source="ChatClient\ChatClient.csproj" Description="Project file successfully backed up as C:\LANDWATERSUN\DROPBOX\landwatersun.education\Системы и сети связи (4405)\Материалы по курсовому проекту\ChatClient\Backup\ChatClient\ChatClient.csproj">
</Event><Event ErrorLevel="0" Project="ChatClient" Source="ChatClient\Form1.cs" Description="File successfully backed up as C:\LANDWATERSUN\DROPBOX\landwatersun.education\Системы и сети связи (4405)\Материалы по курсовому проекту\ChatClient\Backup\ChatClient\Form1.cs">
</Event><Event ErrorLevel="0" Project="ChatClient" Source="ChatClient\Form1.Designer.cs" Description="File successfully backed up as C:\LANDWATERSUN\DROPBOX\landwatersun.education\Системы и сети связи (4405)\Материалы по курсовому проекту\ChatClient\Backup\ChatClient\Form1.Designer.cs">
</Event><Event ErrorLevel="0" Project="ChatClient" Source="ChatClient\Program.cs" Description="File successfully backed up as C:\LANDWATERSUN\DROPBOX\landwatersun.education\Системы и сети связи (4405)\Материалы по курсовому проекту\ChatClient\Backup\ChatClient\Program.cs">
</Event><Event ErrorLevel="0" Project="ChatClient" Source="ChatClient\Properties\AssemblyInfo.cs" Description="File successfully backed up as C:\LANDWATERSUN\DROPBOX\landwatersun.education\Системы и сети связи (4405)\Материалы по курсовому проекту\ChatClient\Backup\ChatClient\Properties\AssemblyInfo.cs">
</Event><Event ErrorLevel="0" Project="ChatClient" Source="ChatClient\Properties\Resources.Designer.cs" Description="File successfully backed up as C:\LANDWATERSUN\DROPBOX\landwatersun.education\Системы и сети связи (4405)\Материалы по курсовому проекту\ChatClient\Backup\ChatClient\Properties\Resources.Designer.cs">
</Event><Event ErrorLevel="0" Project="ChatClient" Source="ChatClient\Properties\Settings.Designer.cs" Description="File successfully backed up as C:\LANDWATERSUN\DROPBOX\landwatersun.education\Системы и сети связи (4405)\Материалы по курсовому проекту\ChatClient\Backup\ChatClient\Properties\Settings.Designer.cs">
</Event><Event ErrorLevel="0" Project="ChatClient" Source="ChatClient\Properties\Settings.settings" Description="File successfully backed up as C:\LANDWATERSUN\DROPBOX\landwatersun.education\Системы и сети связи (4405)\Материалы по курсовому проекту\ChatClient\Backup\ChatClient\Properties\Settings.settings">
</Event><Event ErrorLevel="0" Project="ChatClient" Source="ChatClient\Form1.resx" Description="File successfully backed up as C:\LANDWATERSUN\DROPBOX\landwatersun.education\Системы и сети связи (4405)\Материалы по курсовому проекту\ChatClient\Backup\ChatClient\Form1.resx">
</Event><Event ErrorLevel="0" Project="ChatClient" Source="ChatClient\Properties\Resources.resx" Description="File successfully backed up as C:\LANDWATERSUN\DROPBOX\landwatersun.education\Системы и сети связи (4405)\Материалы по курсовому проекту\ChatClient\Backup\ChatClient\Properties\Resources.resx">
</Event><Event ErrorLevel="0" Project="ChatClient" Source="ChatClient\ChatClient.csproj" Description="Project converted successfully">
</Event><Event ErrorLevel="3" Project="ChatClient" Source="ChatClient\ChatClient.csproj" Description="Converted">
</Event><Event ErrorLevel="0" Project="" Source="ChatClient.sln" Description="Solution converted successfully">
</Event><Event ErrorLevel="3" Project="" Source="ChatClient.sln" Description="Converted">
</Event><Event ErrorLevel="0" Project="ChatClient" Source="ChatClient\ChatClient.csproj" Description="Scan complete: Upgrade not required for project files.">
</Event></UpgradeLog>